pass,pass_name,row_id,kind,phase,step_i,item_key,start_x,start_y,start_z,start_rx,start_ry,start_rz,send_x,send_y,send_z,send_rx,send_ry,send_rz,target_x,target_y,target_z,target_rx,target_ry,target_rz,meas_x,meas_y,meas_z,meas_rx,meas_ry,meas_rz,ex,ey,ez,err_xyz,erx,ery,erz,err_r
0,baseline,0,base,go_base,-1,base,121.0,9.2,247.5,179.55,-0.87,-89.99,170.0,-65.0,263.0,-180.0,0.0,0.0,170.0,-65.0,263.0,-180.0,0.0,0.0,170.0,-64.0,263.0,-179.91,0.0,-0.26,0.0,1.0,0.0,1.0,0.09000000000000341,0.0,-0.2599999999999909,0.2751363298439446
0,baseline,1,pick,go_top,-1,pick_tray,170.0,-64.0,263.0,-179.91,0.0,-0.26,200.0,-65.0,150.0,-180.0,0.0,0.0,200.0,-65.0,150.0,-180.0,0.0,0.0,200.8,-63.8,149.0,-179.82,0.43,0.0,0.8000000000000114,1.2000000000000028,-1.0,1.7549928774784316,0.18000000000000682,0.4300000000000068,0.0,0.4661544808322755
0,baseline,2,pick,go_down,-1,pick_tray,200.8,-63.8,149.0,-179.82,0.43,0.0,200.0,-65.0,100.0,-180.0,0.0,0.0,200.0,-65.0,100.0,-180.0,0.0,0.0,201.3,-63.8,103.0,-179.82,-0.96,0.0,1.3000000000000114,1.2000000000000028,3.0,3.482814953453605,0.18000000000000682,-0.960000000000008,0.0,0.9767292357659915
0,baseline,3,pick,go_up,-1,pick_tray,201.3,-63.8,103.0,-179.82,-0.96,0.0,200.0,-65.0,150.0,-180.0,0.0,0.0,200.0,-65.0,150.0,-180.0,0.0,0.0,199.7,-63.8,146.8,-179.82,0.7,0.0,-0.30000000000001137,1.2000000000000028,-3.1999999999999886,3.43074335968168,0.18000000000000682,0.6999999999999886,0.0,0.7227724399836968
0,baseline,4,base,go_base,-1,base,199.7,-63.8,146.8,-179.82,0.7,0.0,170.0,-65.0,263.0,-180.0,0.0,0.0,170.0,-65.0,263.0,-180.0,0.0,0.0,169.6,-63.9,264.3,-179.82,-0.61,0.0,-0.4000000000000057,1.1000000000000014,1.3000000000000114,1.7492855684536006,0.18000000000000682,-0.6100000000000136,0.0,0.6360031446463288
0,baseline,5,move,go_top,-1,verify,169.6,-63.9,264.3,-179.82,-0.61,0.0,102.0,-230.0,200.0,-180.0,0.0,0.0,102.0,-230.0,200.0,-180.0,0.0,0.0,102.3,-229.9,196.5,-179.26,1.04,-0.16,0.29999999999999716,0.09999999999999432,-3.5,3.5142566781611153,0.7400000000000091,1.039999999999992,-0.1599999999999966,1.2863902984708784
0,baseline,6,move,go_down,-1,verify,102.3,-229.9,196.5,-179.26,1.04,-0.16,102.0,-230.0,150.0,-180.0,0.0,0.0,102.0,-230.0,150.0,-180.0,0.0,0.0,102.4,-230.0,153.3,178.87,-0.57,-0.17,0.4000000000000057,0.0,3.3000000000000114,3.324154027718944,-1.1299999999999955,-0.5699999999999932,-0.1699999999999875,1.2769886452118429
0,baseline,7,move,go_up,-1,verify,102.4,-230.0,153.3,178.87,-0.57,-0.17,102.0,-230.0,200.0,-180.0,0.0,0.0,102.0,-230.0,200.0,-180.0,0.0,0.0,102.7,-230.3,196.9,-179.62,0.64,-0.17,0.7000000000000028,-0.30000000000001137,-3.0999999999999943,3.1921779399024697,0.37999999999999545,0.6399999999999864,-0.1699999999999875,0.763478879865039
0,baseline,8,base,go_base,-1,base,102.7,-230.3,196.9,-179.62,0.64,-0.17,170.0,-65.0,263.0,-180.0,0.0,0.0,170.0,-65.0,263.0,-180.0,0.0,0.0,169.3,-65.5,264.9,-179.56,-0.97,0.0,-0.6999999999999886,-0.5,1.8999999999999773,2.0856653614613965,0.4399999999999977,-0.9699999999999989,0.0,1.0651291001564063
0,baseline,9,move,go_trash,-1,trash,169.3,-65.5,264.9,-179.56,-0.97,0.0,0.0,-150.0,200.0,-180.0,90.0,0.0,0.0,-150.0,200.0,-180.0,90.0,0.0,0.0,-149.7,201.2,140.14,88.68,-40.02,0.0,0.30000000000001137,1.1999999999999886,1.2369316876852898,-39.860000000000014,-1.3199999999999932,-40.02000000000001,56.499224773442705
0,baseline,10,base,go_base,-1,base,0.0,-149.7,201.2,140.14,88.68,-40.02,170.0,-65.0,263.0,-180.0,0.0,0.0,170.0,-65.0,263.0,-180.0,0.0,0.0,169.7,-66.2,260.8,179.65,1.14,-0.35,-0.30000000000001137,-1.2000000000000028,-2.1999999999999886,2.523885892824785,-0.35000000000002274,1.1399999999999864,-0.3499999999999943,1.242819375452435
0,baseline,11,move,go_pinky,-1,pinky,169.7,-66.2,260.8,179.65,1.14,-0.35,166.0,0.0,260.0,-180.0,0.0,0.0,166.0,0.0,260.0,-180.0,0.0,0.0,165.0,-0.3,260.6,-179.56,0.08,0.08,-1.0,-0.3,0.6000000000000227,1.204159457879241,0.4399999999999977,0.0800000000000125,0.0800000000000125,0.4543126676640241
0,baseline,12,base,go_base,-1,base,165.0,-0.3,260.6,-179.56,0.08,0.08,170.0,-65.0,263.0,-180.0,0.0,0.0,170.0,-65.0,263.0,-180.0,0.0,0.0,170.0,-64.5,263.2,179.82,-0.17,-0.17,0.0,0.5,0.19999999999998863,0.5385164807134462,-0.18000000000006366,-0.1699999999999875,-0.1699999999999875,0.3003331483536481
0,baseline,13,base,go_base,0,sauce_base,170.0,-64.5,263.2,179.82,-0.17,-0.17,-61.0,-40.0,318.0,-120.0,0.0,-175.0,-61.0,-40.0,318.0,-120.0,0.0,-175.0,-61.2,-37.6,318.6,-118.52,-0.5,-175.0,-0.20000000000000284,2.3999999999999986,0.6000000000000227,2.4819347291981755,1.4800000000000182,-0.5,0.0,1.5621779668142979
0,baseline,14,sauce_pick,mustard,0,sauce,-61.2,-37.6,318.6,-118.52,-0.5,-175.0,-70.0,-250.0,160.0,-180.0,0.0,-90.0,-70.0,-250.0,160.0,-180.0,0.0,-90.0,-68.2,-250.7,161.5,-179.3,-0.62,-90.26,1.7999999999999972,-0.6999999999999886,1.5,2.4454038521274915,0.6999999999999886,-0.6200000000000045,-0.2599999999999909,0.9705668446840665
0,baseline,15,base,go_base,1,sauce_base,-68.2,-250.7,161.5,-179.3,-0.62,-90.26,-61.0,-40.0,318.0,-120.0,0.0,-175.0,-61.0,-40.0,318.0,-120.0,0.0,-175.0,-61.2,-40.7,316.9,-120.96,-0.11,-175.22,-0.20000000000000284,-0.7000000000000028,-1.1000000000000227,1.3190905958273127,-0.9599999999999795,-0.11000000000001364,-0.21999999999999886,0.9910095862301046
0,baseline,16,sauce_pick,ketchup,1,sauce,-61.2,-40.7,316.9,-120.96,-0.11,-175.22,-30.0,-250.0,160.0,-180.0,0.0,-90.0,-30.0,-250.0,160.0,-180.0,0.0,-90.0,-29.3,-250.2,162.7,-179.39,-1.06,-90.44,0.6999999999999993,-0.19999999999998863,2.6999999999999886,2.7964262908219006,0.6100000000000136,-1.0600000000000023,-0.4399999999999977,1.2997307413460757
0,baseline,17,base,go_base,2,sauce_base,-29.3,-250.2,162.7,-179.39,-1.06,-90.44,-61.0,-40.0,318.0,-120.0,0.0,-175.0,-61.0,-40.0,318.0,-120.0,0.0,-175.0,-61.0,-42.7,316.6,-121.33,-0.44,-174.84,0.0,-2.700000000000003,-1.3999999999999773,3.041381265149102,-1.329999999999984,-0.4399999999999977,0.1599999999999966,1.409999999999984
0,baseline,18,sauce_pick,mayonnaise,2,sauce,-61.0,-42.6,316.7,-121.24,-0.44,-174.84,15.0,-250.0,160.0,-180.0,0.0,-90.0,15.0,-250.0,160.0,-180.0,0.0,-90.0,14.2,-250.4,162.3,-179.77,-0.94,-90.7,-0.8000000000000007,-0.4000000000000057,2.3000000000000114,2.467792535850625,0.22999999999998977,-0.9399999999999977,-0.6999999999999886,1.1943617542436524
0,baseline,19,base,go_base,-1,sauce_base,14.2,-250.4,162.3,-179.77,-0.94,-90.7,-61.0,-40.0,318.0,-120.0,0.0,-175.0,-61.0,-40.0,318.0,-120.0,0.0,-175.0,-60.7,-41.9,317.0,-120.88,-0.28,-174.54,0.29999999999999716,-1.8999999999999986,-1.0,2.167948338867878,-0.8799999999999955,-0.28000000000000114,0.46000000000000796,1.0316976301223144
0,baseline,20,base,go_base,0,sauce_base,-60.7,-41.9,317.0,-120.88,-0.28,-174.54,-61.0,-40.0,318.0,-120.0,0.0,-175.0,-61.0,-40.0,318.0,-120.0,0.0,-175.0,-60.9,-40.8,318.3,-119.91,-0.35,-174.72,0.10000000000000142,-0.7999999999999972,0.30000000000001137,0.8602325267042642,0.09000000000000341,-0.3499999999999943,0.28000000000000114,0.4571651780264954
0,baseline,21,sauce_place,go_top,0,mustard,-60.9,-40.8,318.3,-119.91,-0.35,-174.72,-70.0,-250.0,210.0,-180.0,0.0,-90.0,-70.0,-250.0,210.0,-180.0,0.0,-90.0,-68.5,-235.8,206.6,-179.55,0.6,-90.35,1.5,14.199999999999989,-3.4000000000000057,14.678215150351207,0.44999999999998863,0.5999999999999943,-0.3499999999999943,0.8276472678623297
0,baseline,22,sauce_place,go_down,0,mustard,-68.5,-235.8,206.6,-179.55,0.6,-90.35,-70.0,-250.0,170.0,-180.0,0.0,-90.0,-70.0,-250.0,170.0,-180.0,0.0,-90.0,-69.7,-250.2,167.5,-179.63,0.69,-90.35,0.29999999999999716,-0.19999999999998863,-2.5,2.5258661880630164,0.37000000000000455,0.6899999999999977,-0.3499999999999943,0.8576129663198874
0,baseline,23,sauce_place,go_up,0,mustard,-69.7,-250.2,167.5,-179.63,0.69,-90.35,-70.0,-250.0,210.0,-180.0,0.0,-90.0,-70.0,-250.0,210.0,-180.0,0.0,-90.0,-68.6,-233.8,211.8,-179.65,-0.53,-90.17,1.4000000000000057,16.19999999999999,1.8000000000000114,16.35970659883605,0.3499999999999943,-0.5300000000000011,-0.17000000000001592,0.6574952471311124
0,baseline,24,base,go_base,1,sauce_base,-68.6,-233.8,211.8,-179.65,-0.53,-90.17,-61.0,-40.0,318.0,-120.0,0.0,-175.0,-61.0,-40.0,318.0,-120.0,0.0,-175.0,-61.5,-35.8,318.8,-118.17,-0.63,-175.46,-0.5,4.200000000000003,0.8000000000000114,4.304648650006182,1.829999999999984,-0.6299999999999955,-0.46000000000000796,1.9893214923686777
0,baseline,25,sauce_place,go_top,1,ketchup,-61.5,-35.8,318.8,-118.17,-0.63,-175.46,-30.0,-250.0,210.0,-180.0,0.0,-90.0,-30.0,-250.0,210.0,-180.0,0.0,-90.0,-29.5,-243.5,203.5,-179.86,2.06,-90.26,0.5,6.5,-6.5,9.205976319760984,0.13999999999998636,2.0600000000000023,-0.2599999999999909,2.0810574235229553
0,baseline,26,sauce_place,go_down,1,ketchup,-29.5,-243.5,203.5,-179.86,2.06,-90.26,-30.0,-250.0,170.0,-180.0,0.0,-90.0,-30.0,-250.0,170.0,-180.0,0.0,-90.0,-28.7,-250.1,173.0,-179.62,-0.74,-90.08,1.3000000000000007,-0.09999999999999432,3.0,3.2710854467592254,0.37999999999999545,-0.7400000000000091,-0.07999999999998408,0.8357032966310516
0,baseline,27,sauce_place,go_up,1,ketchup,-28.7,-250.1,173.0,-179.62,-0.74,-90.08,-30.0,-250.0,210.0,-180.0,0.0,-90.0,-30.0,-250.0,210.0,-180.0,0.0,-90.0,-29.7,-243.2,207.3,-179.82,0.64,-90.08,0.3000000000000007,6.800000000000011,-2.6999999999999886,7.32256785560913,0.18000000000000682,0.6399999999999864,-0.07999999999998408,0.6696267617113152
0,baseline,28,base,go_base,2,sauce_base,-29.7,-243.2,207.3,-179.82,0.64,-90.08,-61.0,-40.0,318.0,-120.0,0.0,-175.0,-61.0,-40.0,318.0,-120.0,0.0,-175.0,-60.8,-36.8,319.1,-118.16,-0.43,-174.48,0.20000000000000284,3.200000000000003,1.1000000000000227,3.3896902513356686,1.8400000000000034,-0.4300000000000068,0.5200000000000102,1.9598214204360633
0,baseline,29,sauce_place,go_top,2,mayonnaise,-60.8,-36.8,318.9,-118.24,-0.43,-174.48,15.0,-250.0,210.0,-180.0,0.0,-90.0,15.0,-250.0,210.0,-180.0,0.0,-90.0,13.8,-244.6,204.2,179.7,1.94,-90.45,-1.1999999999999993,5.400000000000006,-5.800000000000011,8.014985963805563,-0.2999999999999545,1.9399999999999977,-0.44999999999998863,2.0139761666911435
0,baseline,30,sauce_place,go_down,2,mayonnaise,13.8,-244.6,204.2,179.7,1.94,-90.45,15.0,-250.0,170.0,-180.0,0.0,-90.0,15.0,-250.0,170.0,-180.0,0.0,-90.0,14.8,-250.0,172.6,-179.44,-0.55,-90.43,-0.1999999999999993,0.0,2.5999999999999943,2.6076809620810537,0.5600000000000023,-0.5500000000000114,-0.4300000000000068,0.8949860334105895
0,baseline,31,sauce_place,go_up,2,mayonnaise,14.8,-250.0,172.6,-179.44,-0.55,-90.43,15.0,-250.0,210.0,-180.0,0.0,-90.0,15.0,-250.0,210.0,-180.0,0.0,-90.0,13.1,-244.7,207.3,-179.86,0.69,-90.44,-1.9000000000000004,5.300000000000011,-2.6999999999999886,6.244197306299671,0.13999999999998636,0.6899999999999977,-0.4399999999999977,0.8302409288875073
0,baseline,32,base,go_base,-1,sauce_base,13.1,-244.7,207.3,-179.86,0.69,-90.44,-61.0,-40.0,318.0,-120.0,0.0,-175.0,-61.0,-40.0,318.0,-120.0,0.0,-175.0,-60.8,-35.9,319.1,-117.81,-0.38,-174.52,0.20000000000000284,4.100000000000001,1.1000000000000227,4.249705872175164,2.1899999999999977,-0.37999999999999545,0.47999999999998977,2.2739613013417745
0,baseline,33,base,go_base,-1,base,-60.8,-35.9,319.1,-117.81,-0.38,-174.52,170.0,-65.0,263.0,-180.0,0.0,0.0,170.0,-65.0,263.0,-180.0,0.0,0.0,170.8,-65.5,260.0,-179.56,1.4,-0.79,0.8000000000000114,-0.5,-3.0,3.1448370387032805,0.4399999999999977,1.4000000000000057,-0.789999999999992,1.6666433331699981
0,baseline,34,pour,go_pour,-1,pour,170.8,-65.5,260.0,-179.56,1.4,-0.79,170.0,-56.0,155.0,-155.0,0.0,-90.0,170.0,-56.0,155.0,-155.0,0.0,-90.0,170.2,-56.2,156.2,-154.57,0.09,-89.7,0.19999999999998863,-0.20000000000000284,1.1999999999999886,1.2328828005937829,0.4300000000000068,0.09000000000000341,0.30000000000001137,0.531977443130828
0,baseline,35,pour,pour_seq_0,-1,pour_seq_0,170.2,-56.2,156.2,-154.57,0.09,-89.7,168.0,-41.0,155.0,-155.0,0.0,-90.0,168.0,-41.0,155.0,-155.0,0.0,-90.0,168.6,-40.7,152.9,-155.74,0.01,-89.63,0.5999999999999943,0.29999999999999716,-2.0999999999999943,2.204540768504853,-0.7400000000000091,0.009999999999990905,0.37000000000000455,0.8274055837375142
0,baseline,36,pour,pour_seq_1,-1,pour_seq_1,168.6,-40.7,152.9,-155.74,0.01,-89.63,168.0,-71.0,155.0,-155.0,0.0,-90.0,168.0,-71.0,155.0,-155.0,0.0,-90.0,167.7,-69.8,156.9,-154.41,-0.2,-90.27,-0.30000000000001137,1.2000000000000028,1.9000000000000057,2.2671568097509347,0.5900000000000034,-0.19999999999998863,-0.2699999999999818,0.6789698078707106
0,baseline,37,pour,pour_seq_2,-1,pour_seq_2,167.7,-69.8,156.9,-154.41,-0.2,-90.27,162.0,-41.0,155.0,-155.0,0.0,-90.0,162.0,-41.0,155.0,-155.0,0.0,-90.0,162.9,-41.2,153.3,-155.82,0.07,-89.62,0.9000000000000057,-0.20000000000000284,-1.6999999999999886,1.9339079605813645,-0.8199999999999932,0.06999999999999318,0.37999999999999545,0.906476695784279
0,baseline,38,pour,pour_seq_3,-1,pour_seq_3,162.9,-41.2,153.3,-155.82,0.07,-89.62,162.0,-71.0,155.0,-155.0,0.0,-90.0,162.0,-71.0,155.0,-155.0,0.0,-90.0,161.4,-70.5,156.4,-154.32,-0.12,-90.39,-0.5999999999999943,0.5,1.4000000000000057,1.6031219541881425,0.6800000000000068,-0.12000000000000455,-0.38999999999998636,0.7930321557162735
0,baseline,39,pour,pour_seq_4,-1,pour_seq_4,161.4,-70.5,156.4,-154.32,-0.12,-90.39,154.0,-41.0,155.0,-155.0,0.0,-90.0,154.0,-41.0,155.0,-155.0,0.0,-90.0,154.2,-41.5,154.8,-155.09,0.2,-89.76,0.19999999999998863,-0.5,-0.19999999999998863,0.574456264653795,-0.09000000000000341,0.19999999999998863,0.2400000000000091,0.32511536414017783
0,baseline,40,pour,pour_seq_5,-1,pour_seq_5,154.2,-41.5,154.8,-155.09,0.2,-89.76,154.0,-71.0,155.0,-155.0,0.0,-90.0,154.0,-71.0,155.0,-155.0,0.0,-90.0,153.7,-70.2,156.3,-154.5,-0.19,-90.23,-0.30000000000001137,0.7999999999999972,1.3000000000000114,1.5556349186104148,0.5,-0.18999999999999773,-0.2300000000000182,0.582237065120392
0,baseline,41,base,go_base,-1,base,153.7,-70.2,156.3,-154.5,-0.19,-90.23,170.0,-65.0,263.0,-180.0,0.0,0.0,170.0,-65.0,263.0,-180.0,0.0,0.0,172.0,-65.5,260.4,-179.55,0.78,0.17,2.0,-0.5,-2.6000000000000227,3.3181320046074294,0.44999999999998863,0.7800000000000011,0.1699999999999875,0.9164060235506898
0,baseline,42,base,go_base,-1,sauce_base,172.0,-65.5,260.4,-179.55,0.78,0.17,-61.0,-40.0,318.0,-120.0,0.0,-175.0,-61.0,-40.0,318.0,-120.0,0.0,-175.0,-60.8,-37.0,319.1,-118.33,-0.34,-174.52,0.20000000000000284,3.0,1.1000000000000227,3.2015621187164323,1.670000000000016,-0.3400000000000034,0.47999999999998977,1.770564881612658
