pass,pass_name,row_id,kind,phase,step_i,item_key,start_x,start_y,start_z,start_rx,start_ry,start_rz,send_x,send_y,send_z,send_rx,send_ry,send_rz,target_x,target_y,target_z,target_rx,target_ry,target_rz,meas_x,meas_y,meas_z,meas_rx,meas_ry,meas_rz,ex,ey,ez,err_xyz,erx,ery,erz,err_r
0,baseline,0,pick,go_top,0,ham,120.8,8.7,244.9,177.71,-1.79,-90.04,240.0,-125.0,180.0,-180.0,0.0,-90.0,240.0,-125.0,180.0,-180.0,0.0,-90.0,232.5,-121.6,165.9,174.66,0.3,-90.41,-7.5,3.4000000000000057,-14.099999999999994,16.328502687019405,-5.340000000000032,0.3000000000000113,-0.4099999999999966,5.364112228505323
0,baseline,1,pick,go_down,0,ham,232.5,-121.6,165.9,174.66,0.3,-90.41,240.0,-125.0,130.0,-180.0,0.0,-90.0,240.0,-125.0,130.0,-180.0,0.0,-90.0,240.0,-122.9,119.9,176.29,-0.06,-90.32,0.0,2.0999999999999943,-10.099999999999994,10.316006979447032,-3.710000000000037,-0.0600000000000022,-0.3199999999999932,3.72425831542339
0,baseline,2,pick,go_up,0,ham,240.0,-122.9,119.9,176.29,-0.06,-90.32,240.0,-125.0,180.0,-180.0,0.0,-90.0,240.0,-125.0,180.0,-180.0,0.0,-90.0,233.3,-121.8,162.2,174.06,0.44,-90.41,-6.699999999999989,3.200000000000003,-17.80000000000001,19.286523792534524,-5.940000000000055,0.4399999999999977,-0.4099999999999966,5.970368497840032
0,baseline,3,base,untwist_angle,0,ham,233.3,-121.8,162.2,174.06,0.44,-90.41,18.4,-183.0,265.4,-179.7,2.6599999999999966,-179.61,18.4,-183.0,265.4,-179.7,2.6599999999999966,-179.61,23.5,-186.3,256.3,177.18,0.44,-177.75,5.100000000000001,-3.300000000000012,-9.099999999999966,10.941206514822737,-3.1200000000000045,-2.219999999999999,1.8600000000000136,4.257041226016031
0,baseline,4,place,go_top,0,ham,23.5,-186.3,256.3,177.18,0.44,-177.75,0.0,-150.0,200.0,-180.0,0.0,-180.0,0.0,-150.0,200.0,-180.0,0.0,-180.0,3.7,-148.7,191.4,175.6,-1.16,-177.96,3.7,1.3000000000000114,-8.599999999999994,9.451983918733672,-4.399999999999977,-1.1599999999999966,2.039999999999992,4.986702317163092
0,baseline,5,place,go_down,0,ham,3.7,-148.7,191.4,175.6,-1.16,-177.96,0.0,-150.0,160.0,-180.0,0.0,-180.0,0.0,-150.0,160.0,-180.0,0.0,-180.0,2.8,-147.0,153.9,176.47,-0.76,-177.97,2.8,3.0,-6.099999999999994,7.351870510285115,-3.5299999999999727,-0.7599999999999909,2.030000000000001,4.142390614126075
0,baseline,6,place,go_up,0,ham,2.8,-147.0,153.9,176.47,-0.76,-177.97,0.0,-150.0,200.0,-180.0,0.0,-180.0,0.0,-150.0,200.0,-180.0,0.0,-180.0,4.0,-149.3,189.0,175.28,-1.31,-177.95,4.0,0.6999999999999886,-11.0,11.725612990372827,-4.720000000000027,-1.3100000000000025,2.050000000000012,5.310084745086495
0,baseline,7,base,go_base,0,ham,4.0,-149.3,189.0,175.28,-1.31,-177.95,120.0,10.0,250.0,-180.0,0.0,-90.0,120.0,10.0,250.0,-180.0,0.0,-90.0,121.8,9.5,242.3,176.48,-2.04,-90.21,1.7999999999999972,-0.5,-7.699999999999989,7.92338311581611,-3.519999999999982,-2.039999999999992,-0.2099999999999795,4.073831120701966
0,baseline,8,pick,go_top,1,lettuce,121.8,9.5,242.3,176.48,-2.04,-90.21,240.0,-75.0,180.0,-180.0,0.0,-90.0,240.0,-75.0,180.0,-180.0,0.0,-90.0,238.8,-72.6,165.6,174.44,-0.62,-90.01,-1.1999999999999886,2.4000000000000057,-14.400000000000006,14.647866738880449,-5.559999999999945,-0.6200000000000045,-0.0099999999999909,5.594470484326412
0,baseline,9,pick,go_down,1,lettuce,238.8,-72.6,165.6,174.44,-0.62,-90.01,240.0,-75.0,130.0,-180.0,0.0,-90.0,240.0,-75.0,130.0,-180.0,0.0,-90.0,237.3,-72.6,118.9,175.32,-0.65,-90.02,-2.6999999999999886,2.4000000000000057,-11.099999999999994,11.673045875006226,-4.680000000000064,-0.6500000000000057,-0.0199999999999818,4.72496560834051
0,baseline,10,pick,go_up,1,lettuce,237.3,-72.6,118.9,175.32,-0.65,-90.02,240.0,-75.0,180.0,-180.0,0.0,-90.0,240.0,-75.0,180.0,-180.0,0.0,-90.0,240.5,-72.7,162.0,174.35,-0.62,-90.01,0.5,2.299999999999997,-18.0,18.15323662601245,-5.649999999999977,-0.6200000000000045,-0.0099999999999909,5.683924700416056
0,baseline,11,base,untwist_angle,1,lettuce,240.5,-72.7,162.0,174.35,-0.62,-90.01,-1.1,-142.3,166.3,171.0,-1.740000000000009,-179.68,-1.1,-142.3,166.3,171.0,-1.740000000000009,-179.68,0.0,-140.6,158.9,167.47,-3.91,-177.73,1.1,1.700000000000017,-7.400000000000006,7.6720271115266625,-3.530000000000001,-2.1699999999999875,1.950000000000017,4.579552379872952
0,baseline,12,place,go_top,1,lettuce,0.0,-140.6,158.9,167.47,-3.91,-177.73,0.0,-150.0,205.0,-180.0,0.0,-180.0,0.0,-150.0,205.0,-180.0,0.0,-180.0,3.6,-149.5,195.9,176.03,-1.05,-178.05,3.6,0.5,-9.099999999999994,9.798979538707076,-3.9700000000000273,-1.0500000000000114,1.9499999999999889,4.545976242788802
0,baseline,13,place,go_down,1,lettuce,3.6,-149.5,195.9,176.03,-1.05,-178.05,0.0,-150.0,165.0,-180.0,0.0,-180.0,0.0,-150.0,165.0,-180.0,0.0,-180.0,2.5,-147.4,158.3,176.35,-0.9,-178.06,2.5,2.5999999999999943,-6.699999999999989,7.6092049518987075,-3.649999999999977,-0.9000000000000057,1.9399999999999975,4.230378233680747
0,baseline,14,place,go_up,1,lettuce,2.5,-147.4,158.3,176.35,-0.9,-178.06,0.0,-150.0,205.0,-180.0,0.0,-180.0,0.0,-150.0,205.0,-180.0,0.0,-180.0,3.5,-149.5,195.2,175.79,-1.16,-178.05,3.5,0.5,-9.800000000000011,10.418253212511214,-4.210000000000036,-1.1599999999999966,1.9499999999999889,4.782488891780122
0,baseline,15,base,go_base,1,lettuce,3.5,-149.5,195.2,175.79,-1.16,-178.05,120.0,10.0,250.0,-180.0,0.0,-90.0,120.0,10.0,250.0,-180.0,0.0,-90.0,121.1,9.7,242.9,176.61,-1.62,-90.06,1.0999999999999943,-0.3000000000000007,-7.099999999999994,7.190966555338712,-3.3899999999999864,-1.6200000000000043,-0.0600000000000022,3.757672151745004
0,baseline,16,pick,go_top,2,cheese,121.1,9.7,242.9,176.61,-1.62,-90.06,240.0,-25.0,180.0,-180.0,0.0,-90.0,240.0,-25.0,180.0,-180.0,0.0,-90.0,238.1,-22.1,166.3,174.8,-1.4,-89.91,-1.9000000000000057,2.8999999999999986,-13.699999999999989,14.131878855976645,-5.2000000000000455,-1.4000000000000057,0.0900000000000034,5.385916820746537
0,baseline,17,pick,go_down,2,cheese,238.1,-22.1,166.3,174.8,-1.4,-89.91,240.0,-25.0,130.0,-180.0,0.0,-90.0,240.0,-25.0,130.0,-180.0,0.0,-90.0,237.2,-22.2,120.0,175.92,-1.18,-89.85,-2.800000000000012,2.8000000000000007,-10.0,10.755463727799004,-4.080000000000041,-1.1800000000000068,0.1500000000000056,4.249858821184576
0,baseline,18,pick,go_up,2,cheese,237.2,-22.2,120.0,175.92,-1.18,-89.85,240.0,-25.0,180.0,-180.0,0.0,-90.0,240.0,-25.0,180.0,-180.0,0.0,-90.0,239.8,-21.8,163.9,174.97,-1.36,-89.83,-0.1999999999999886,3.1999999999999997,-16.099999999999994,16.41615058410466,-5.029999999999973,-1.3600000000000136,0.1700000000000159,5.21338661524347
0,baseline,19,base,untwist_angle,2,cheese,239.8,-21.8,163.9,174.97,-1.36,-89.83,-1.1,-142.4,166.4,171.08000000000004,-1.6999999999999886,-179.69,-1.1,-142.4,166.4,171.08000000000004,-1.6999999999999886,-179.69,0.0,-140.6,158.9,167.47,-3.91,-177.73,1.1,1.8000000000000114,-7.5,7.791020472312985,-3.610000000000042,-2.210000000000008,1.960000000000008,4.664525699361122
0,baseline,20,place,go_top,2,cheese,0.0,-140.6,158.9,167.47,-3.91,-177.73,0.0,-150.0,210.0,-180.0,0.0,-180.0,0.0,-150.0,210.0,-180.0,0.0,-180.0,3.4,-149.1,201.9,176.39,-0.79,-178.15,3.4,0.9000000000000057,-8.099999999999994,8.83062851670253,-3.6100000000000136,-0.789999999999992,1.8499999999999943,4.132638382438036
0,baseline,21,place,go_down,2,cheese,3.4,-149.1,201.9,176.39,-0.79,-178.15,0.0,-150.0,170.0,-180.0,0.0,-180.0,0.0,-150.0,170.0,-180.0,0.0,-180.0,2.8,-147.8,162.1,175.83,-1.05,-178.14,2.8,2.1999999999999886,-7.900000000000006,8.665448632355975,-4.169999999999959,-1.0500000000000114,1.8600000000000136,4.685189430535305
0,baseline,22,place,go_up,2,cheese,2.8,-147.8,162.1,175.83,-1.05,-178.14,0.0,-150.0,210.0,-180.0,0.0,-180.0,0.0,-150.0,210.0,-180.0,0.0,-180.0,3.4,-149.0,201.6,176.31,-0.83,-178.15,3.4,1.0,-8.400000000000006,9.117017056033191,-3.690000000000055,-0.8300000000000125,1.8499999999999943,4.210403781111784
0,baseline,23,base,go_base,2,cheese,3.4,-149.0,201.6,176.31,-0.83,-178.15,120.0,10.0,250.0,-180.0,0.0,-90.0,120.0,10.0,250.0,-180.0,0.0,-90.0,121.8,9.9,242.3,176.48,-2.04,-90.04,1.7999999999999972,-0.0999999999999996,-7.699999999999989,7.908223567907005,-3.519999999999982,-2.039999999999992,-0.0400000000000204,4.0686115567844325
0,baseline,24,pick,go_top,3,tomato,121.8,9.9,242.3,176.48,-2.04,-90.04,240.0,25.0,180.0,-180.0,0.0,-90.0,240.0,25.0,180.0,-180.0,0.0,-90.0,237.5,27.3,166.5,174.93,-1.54,-89.51,-2.5,2.3000000000000007,-13.5,13.920847675339314,-5.069999999999936,-1.539999999999992,0.4900000000000091,5.3213344191094905
0,baseline,25,pick,go_down,3,tomato,237.5,27.3,166.5,174.93,-1.54,-89.51,240.0,25.0,130.0,-180.0,0.0,-90.0,240.0,25.0,130.0,-180.0,0.0,-90.0,236.5,26.8,120.0,175.95,-1.23,-89.52,-3.5,1.8000000000000007,-10.0,10.746627377926528,-4.0499999999999545,-1.2299999999999898,0.4800000000000182,4.259788727155329
0,baseline,26,pick,go_up,3,tomato,236.5,26.8,120.0,175.95,-1.23,-89.52,240.0,25.0,180.0,-180.0,0.0,-90.0,240.0,25.0,180.0,-180.0,0.0,-90.0,239.1,27.8,163.2,174.88,-1.65,-89.5,-0.9000000000000057,2.8000000000000007,-16.80000000000001,17.055497647386325,-5.1200000000000045,-1.6500000000000057,0.5,5.402490166580598
0,baseline,27,base,untwist_angle,3,tomato,239.1,27.8,163.2,174.88,-1.65,-89.5,-1.1,-142.4,166.4,171.08000000000004,-1.6999999999999886,-179.69,-1.1,-142.4,166.4,171.08000000000004,-1.6999999999999886,-179.69,0.3,-140.5,158.9,167.43,-3.83,-177.66,1.4,1.9000000000000057,-7.5,7.862569554541316,-3.650000000000034,-2.130000000000024,2.030000000000001,4.688315262437068
0,baseline,28,place,go_top,3,tomato,0.3,-140.5,158.9,167.43,-3.83,-177.66,0.0,-150.0,215.0,-180.0,0.0,-180.0,0.0,-150.0,215.0,-180.0,0.0,-180.0,3.4,-148.5,207.9,176.79,-0.61,-178.07,3.4,1.5,-7.099999999999994,8.013738203859663,-3.2100000000000364,-0.6100000000000136,1.9300000000000068,3.7948781271603806
0,baseline,29,place,go_down,3,tomato,3.4,-148.5,207.9,176.79,-0.61,-178.07,0.0,-150.0,175.0,-180.0,0.0,-180.0,0.0,-150.0,175.0,-180.0,0.0,-180.0,3.2,-148.2,166.0,175.44,-1.24,-178.04,3.2,1.8000000000000114,-9.0,9.720082304178296,-4.559999999999945,-1.240000000000009,1.960000000000008,5.11593588701027
0,baseline,30,place,go_up,3,tomato,3.2,-148.2,166.0,175.44,-1.24,-178.04,0.0,-150.0,215.0,-180.0,0.0,-180.0,0.0,-150.0,215.0,-180.0,0.0,-180.0,3.3,-148.5,207.4,176.63,-0.68,-178.06,3.3,1.5,-7.599999999999994,8.420213774008348,-3.3700000000000045,-0.6800000000000068,1.9399999999999975,3.947518207684422
0,baseline,31,base,go_base,3,tomato,3.3,-148.5,207.4,176.63,-0.68,-178.06,120.0,10.0,250.0,-180.0,0.0,-90.0,120.0,10.0,250.0,-180.0,0.0,-90.0,121.1,9.7,242.7,176.54,-1.68,-90.06,1.0999999999999943,-0.3000000000000007,-7.300000000000011,7.388504584826361,-3.4600000000000364,-1.6800000000000068,-0.0600000000000022,3.8467648745407192
0,baseline,32,pick,go_top,4,bread_w,121.1,9.7,242.7,176.54,-1.68,-90.06,240.0,75.0,180.0,-180.0,0.0,-90.0,240.0,75.0,180.0,-180.0,0.0,-90.0,237.0,77.3,165.6,174.95,-2.39,-89.66,-3.0,2.299999999999997,-14.400000000000006,14.887914561818258,-5.0499999999999545,-2.3899999999999864,0.3400000000000034,5.597338653324406
0,baseline,33,pick,go_down,4,bread_w,237.0,77.3,165.6,174.95,-2.39,-89.66,240.0,75.0,130.0,-180.0,0.0,-90.0,240.0,75.0,130.0,-180.0,0.0,-90.0,235.7,76.5,118.9,175.69,-1.92,-89.69,-4.300000000000011,1.5,-11.099999999999994,11.997916485790356,-4.309999999999945,-1.9199999999999875,0.3100000000000023,4.728488130470403
0,baseline,34,pick,go_up,4,bread_w,235.7,76.5,118.9,175.69,-1.92,-89.69,240.0,75.0,180.0,-180.0,0.0,-90.0,240.0,75.0,180.0,-180.0,0.0,-90.0,238.4,78.2,162.0,174.88,-2.43,-89.57,-1.5999999999999943,3.200000000000003,-18.0,18.35211159512714,-5.1200000000000045,-2.430000000000007,0.4300000000000068,5.683678386397324
0,baseline,35,base,untwist_angle,4,bread_w,238.4,78.2,162.0,174.88,-2.43,-89.57,-1.1,-142.3,166.6,171.15999999999997,-1.6599999999999966,-179.69,-1.1,-142.3,166.6,171.15999999999997,-1.6599999999999966,-179.69,0.0,-140.6,159.7,167.92,-3.87,-178.45,1.1,1.700000000000017,-6.900000000000006,7.190966555338728,-3.2399999999999807,-2.210000000000008,1.240000000000009,4.113307671448847
0,baseline,36,place,go_top,4,bread_w,0.0,-140.6,159.7,167.92,-3.87,-178.45,0.0,-150.0,220.0,-180.0,0.0,-180.0,0.0,-150.0,220.0,-180.0,0.0,-180.0,3.3,-149.4,212.5,176.56,-0.75,-178.77,3.3,0.5999999999999943,-7.5,8.215838362577491,-3.4400000000000546,-0.75,1.2299999999999898,3.729477175154763
0,baseline,37,place,go_down,4,bread_w,3.3,-149.4,212.5,176.56,-0.75,-178.77,0.0,-150.0,180.0,-180.0,0.0,-180.0,0.0,-150.0,180.0,-180.0,0.0,-180.0,2.7,-148.0,171.2,175.53,-1.23,-178.66,2.7,2.0,-8.800000000000011,9.419660291114548,-4.470000000000027,-1.2299999999999898,1.3400000000000034,4.825909240754557
0,baseline,38,place,go_up,4,bread_w,2.7,-148.0,171.2,175.53,-1.23,-178.66,0.0,-150.0,220.0,-180.0,0.0,-180.0,0.0,-150.0,220.0,-180.0,0.0,-180.0,3.3,-149.3,212.0,176.4,-0.82,-178.68,3.3,0.6999999999999886,-8.0,8.682165628459295,-3.6000000000000227,-0.8199999999999932,1.3199999999999932,3.921071282188088
0,baseline,39,base,go_base,4,bread_w,3.3,-149.3,212.0,176.4,-0.82,-178.68,120.0,10.0,250.0,-180.0,0.0,-90.0,120.0,10.0,250.0,-180.0,0.0,-90.0,121.2,9.8,242.8,176.54,-1.68,-90.06,1.2000000000000028,-0.1999999999999993,-7.199999999999989,7.302054505411462,-3.4600000000000364,-1.6800000000000068,-0.0600000000000022,3.8467648745407192
0,baseline,40,pick,go_top,5,bread_o,121.2,9.8,242.8,176.54,-1.68,-90.06,240.0,125.0,180.0,-180.0,0.0,-90.0,240.0,125.0,180.0,-180.0,0.0,-90.0,235.1,115.7,165.9,175.53,-2.89,-90.09,-4.900000000000006,-9.299999999999995,-14.099999999999994,17.587211262732925,-4.470000000000027,-2.8899999999999864,-0.0900000000000034,5.32363597553403
0,baseline,41,pick,go_down,5,bread_o,235.1,115.7,165.9,175.53,-2.89,-90.09,240.0,125.0,130.0,-180.0,0.0,-90.0,240.0,125.0,130.0,-180.0,0.0,-90.0,240.9,120.6,119.8,176.8,-1.8,-90.14,0.9000000000000057,-4.400000000000006,-10.200000000000005,11.144954015158614,-3.200000000000045,-1.8000000000000114,-0.1399999999999863,3.6741801806662022
0,baseline,42,pick,go_up,5,bread_o,240.9,120.6,119.8,176.8,-1.8,-90.14,240.0,125.0,180.0,-180.0,0.0,-90.0,240.0,125.0,180.0,-180.0,0.0,-90.0,235.8,116.3,162.3,175.12,-3.23,-90.07,-4.199999999999989,-8.700000000000003,-17.69999999999999,20.16482085216726,-4.879999999999996,-3.2299999999999898,-0.0699999999999931,5.852537911026283
0,baseline,43,base,untwist_angle,5,bread_o,235.8,116.3,162.3,175.12,-3.23,-90.07,-1.1,-142.3,166.8,171.23000000000002,-1.6200000000000043,-179.69,-1.1,-142.3,166.8,171.23000000000002,-1.6200000000000043,-179.69,0.0,-140.4,159.5,167.74,-3.89,-178.18,1.1,1.9000000000000057,-7.300000000000011,7.622991538759583,-3.490000000000009,-2.269999999999982,1.509999999999991,4.428667971297911
0,baseline,44,place,go_top,5,bread_o,0.0,-140.4,159.5,167.74,-3.89,-178.18,0.0,-150.0,225.0,-180.0,0.0,-180.0,0.0,-150.0,225.0,-180.0,0.0,-180.0,3.7,-149.5,217.3,176.52,-0.66,-178.42,3.7,0.5,-7.699999999999989,8.557452892070152,-3.480000000000018,-0.6599999999999966,1.5800000000000125,3.878453299963809
0,baseline,45,place,go_down,5,bread_o,3.7,-149.5,217.3,176.52,-0.66,-178.42,0.0,-150.0,185.0,-180.0,0.0,-180.0,0.0,-150.0,185.0,-180.0,0.0,-180.0,3.1,-148.4,176.1,175.44,-1.26,-178.39,3.1,1.5999999999999943,-8.900000000000006,9.559288676465425,-4.559999999999945,-1.259999999999991,1.6100000000000136,4.997329286729015
0,baseline,46,place,go_up,5,bread_o,3.1,-148.4,176.1,175.44,-1.26,-178.39,0.0,-150.0,225.0,-180.0,0.0,-180.0,0.0,-150.0,225.0,-180.0,0.0,-180.0,3.4,-149.5,217.2,176.48,-0.77,-178.5,3.4,0.5,-7.800000000000011,8.523496934944024,-3.519999999999982,-0.7700000000000102,1.5,3.902986036357277
0,baseline,47,base,pick_base,0,ham,121.8,7.6,245.2,178.84,-3.03,-89.92,20.0,150.0,300.0,-145.0,0.0,0.0,20.0,150.0,300.0,-145.0,0.0,0.0,20.0,152.8,288.4,-150.28,-0.56,-0.91,0.0,2.800000000000012,-11.600000000000025,11.933147112141064,-5.280000000000001,-0.5600000000000023,-0.9099999999999966,5.387030722021177
0,baseline,48,pick,go_top,0,ham,20.0,152.8,288.4,-150.28,-0.56,-0.91,105.0,180.0,280.0,-145.0,0.0,0.0,105.0,180.0,280.0,-145.0,0.0,0.0,104.8,184.8,265.8,-150.84,1.07,-0.92,-0.2000000000000028,4.800000000000011,-14.199999999999989,14.9906637611548,-5.840000000000003,1.0699999999999932,-0.9199999999999876,6.008069573498629
0,baseline,49,pick,go_down,0,ham,104.8,184.8,265.8,-150.84,1.07,-0.92,105.0,180.0,160.0,-145.0,0.0,0.0,105.0,180.0,160.0,-145.0,0.0,0.0,103.6,180.0,148.7,-150.3,0.95,-0.72,-1.4000000000000057,0.0,-11.300000000000011,11.386395390991842,-5.300000000000011,0.9499999999999886,-0.7199999999999989,5.4323935792613645
0,baseline,50,pick,go_up,0,ham,103.6,180.0,148.7,-150.3,0.95,-0.72,105.0,180.0,280.0,-145.0,0.0,0.0,105.0,180.0,280.0,-145.0,0.0,0.0,105.4,187.5,263.8,-150.56,1.01,-0.72,0.4000000000000057,7.5,-16.19999999999999,17.856371411907844,-5.560000000000002,1.009999999999991,-0.7199999999999989,5.696674468494755
0,baseline,51,base,pick_base,0,ham,105.4,187.5,263.8,-150.56,1.01,-0.72,20.0,150.0,300.0,-145.0,0.0,0.0,20.0,150.0,300.0,-145.0,0.0,0.0,19.6,153.4,292.5,-148.55,-0.43,0.36,-0.3999999999999986,3.4000000000000057,-7.5,8.244392033376387,-3.550000000000012,-0.4300000000000068,0.3600000000000136,3.594022815731712
0,baseline,52,base,place_base,0,ham,19.6,153.4,292.5,-148.55,-0.43,0.36,125.0,-20.0,200.0,-145.0,0.0,-90.0,125.0,-20.0,200.0,-145.0,0.0,-90.0,125.3,-16.6,191.2,-149.46,-1.36,-87.79,0.2999999999999971,3.3999999999999986,-8.800000000000011,9.438749917229517,-4.460000000000008,-1.3600000000000136,2.2099999999999795,5.159970930150674
0,baseline,53,place,go_top,0,ham,125.3,-16.6,191.2,-149.46,-1.36,-87.79,181.0,-125.0,180.0,-145.0,0.0,-90.0,181.0,-125.0,180.0,-145.0,0.0,-90.0,181.8,-122.6,165.9,-150.67,1.63,-90.42,0.8000000000000114,2.4000000000000057,-14.099999999999994,14.325152704247165,-5.669999999999988,1.6299999999999957,-0.4200000000000159,5.9145752172070525
0,baseline,54,place,go_down,0,ham,181.8,-122.6,165.9,-150.67,1.63,-90.42,181.0,-125.0,140.0,-145.0,0.0,-90.0,181.0,-125.0,140.0,-145.0,0.0,-90.0,181.6,-122.5,130.0,-149.75,1.32,-90.4,0.5999999999999943,2.5,-10.0,10.325211862233145,-4.75,1.3199999999999932,-0.4000000000000057,4.946200562047599
0,baseline,55,place,go_up,0,ham,181.6,-122.5,130.0,-149.75,1.32,-90.4,181.0,-125.0,180.0,-145.0,0.0,-90.0,181.0,-125.0,180.0,-145.0,0.0,-90.0,182.5,-122.8,165.7,-149.92,1.37,-90.4,1.5,2.200000000000003,-14.300000000000011,14.545789768864402,-4.919999999999988,1.3700000000000043,-0.4000000000000057,5.122821488203536
0,baseline,56,base,pick_base,0,ham,182.5,-122.8,165.7,-149.92,1.37,-90.4,20.0,150.0,300.0,-145.0,0.0,0.0,20.0,150.0,300.0,-145.0,0.0,0.0,19.5,153.6,290.6,-149.21,-0.72,0.45,-0.5,3.5999999999999943,-9.399999999999975,10.07819428270757,-4.210000000000008,-0.7199999999999989,0.4499999999999886,4.294764254298489
0,baseline,57,base,pick_base,1,lettuce,19.5,153.6,290.6,-149.21,-0.72,0.45,20.0,150.0,300.0,-145.0,0.0,0.0,20.0,150.0,300.0,-145.0,0.0,0.0,19.5,153.6,290.6,-149.21,-0.68,0.37,-0.5,3.5999999999999943,-9.399999999999975,10.07819428270757,-4.210000000000008,-0.6800000000000068,0.3700000000000045,4.280584072296686
0,baseline,58,pick,go_top,1,lettuce,19.5,153.6,290.6,-149.21,-0.68,0.37,70.0,180.0,280.0,-145.0,0.0,0.0,70.0,180.0,280.0,-145.0,0.0,0.0,68.1,184.2,267.4,-150.37,0.11,-0.35,-1.9000000000000057,4.199999999999989,-12.600000000000025,13.416780537819069,-5.3700000000000045,0.1100000000000136,-0.3499999999999943,5.38251799811204
0,baseline,59,pick,go_down,1,lettuce,68.1,184.2,267.4,-150.37,0.11,-0.35,70.0,180.0,160.0,-145.0,0.0,0.0,70.0,180.0,160.0,-145.0,0.0,0.0,67.5,180.2,150.1,-149.91,0.85,0.19,-2.5,0.1999999999999886,-9.900000000000006,10.212737145349434,-4.909999999999997,0.8499999999999943,0.1899999999999977,4.986652183579676
0,baseline,60,pick,go_up,1,lettuce,67.5,180.2,150.1,-149.91,0.85,0.19,70.0,180.0,280.0,-145.0,0.0,0.0,70.0,180.0,280.0,-145.0,0.0,0.0,67.6,186.4,265.2,-150.35,0.9,0.1,-2.4000000000000057,6.400000000000006,-14.800000000000011,16.30214709785188,-5.349999999999994,0.9000000000000057,0.0999999999999943,5.426094359666071
0,baseline,61,base,pick_base,1,lettuce,67.6,186.4,265.2,-150.35,0.9,0.1,20.0,150.0,300.0,-145.0,0.0,0.0,20.0,150.0,300.0,-145.0,0.0,0.0,18.9,154.5,289.6,-149.54,-0.85,0.54,-1.1000000000000014,4.5,-10.399999999999975,11.385077953180623,-4.539999999999992,-0.8499999999999943,0.539999999999992,4.650344073291772
0,baseline,62,base,place_base,1,lettuce,18.9,154.5,289.6,-149.54,-0.85,0.54,125.0,-20.0,200.0,-145.0,0.0,-90.0,125.0,-20.0,200.0,-145.0,0.0,-90.0,125.2,-16.8,191.7,-149.3,-1.28,-87.88,0.2000000000000028,3.1999999999999997,-8.300000000000011,8.897752525216701,-4.300000000000011,-1.2800000000000011,2.1200000000000045,4.962136636570997
0,baseline,63,place,go_top,1,lettuce,125.2,-16.8,191.7,-149.3,-1.28,-87.88,181.0,-75.0,180.0,-145.0,0.0,-90.0,181.0,-75.0,180.0,-145.0,0.0,-90.0,181.3,-71.3,166.4,-151.2,0.59,-89.7,0.3000000000000113,3.700000000000003,-13.599999999999994,14.097517511959326,-6.199999999999989,0.5900000000000034,0.3000000000000113,6.235230549065516
0,baseline,64,place,go_down,1,lettuce,181.3,-71.3,166.4,-151.2,0.59,-89.7,181.0,-75.0,140.0,-145.0,0.0,-90.0,181.0,-75.0,140.0,-145.0,0.0,-90.0,181.6,-71.4,131.4,-149.44,0.46,-89.61,0.5999999999999943,3.5999999999999943,-8.599999999999994,9.342376571301322,-4.439999999999998,0.4600000000000079,0.3899999999999863,4.480770023109865
0,baseline,65,place,go_up,1,lettuce,181.6,-71.4,131.4,-149.44,0.46,-89.61,181.0,-75.0,180.0,-145.0,0.0,-90.0,181.0,-75.0,180.0,-145.0,0.0,-90.0,182.1,-71.4,166.3,-150.15,0.49,-89.61,1.0999999999999943,3.5999999999999943,-13.699999999999989,14.207744367069658,-5.150000000000006,0.4900000000000091,0.3899999999999863,5.187937933321876
0,baseline,66,base,pick_base,1,lettuce,182.1,-71.4,166.3,-150.15,0.49,-89.61,20.0,150.0,300.0,-145.0,0.0,0.0,20.0,150.0,300.0,-145.0,0.0,0.0,19.3,154.1,290.3,-149.29,-0.75,0.45,-0.6999999999999993,4.099999999999994,-9.699999999999989,10.554146104730584,-4.289999999999992,-0.75,0.4499999999999886,4.378253076285098
0,baseline,67,base,pick_base,2,cheese,19.3,154.1,290.3,-149.29,-0.75,0.45,20.0,150.0,300.0,-145.0,0.0,0.0,20.0,150.0,300.0,-145.0,0.0,0.0,19.3,154.1,290.3,-149.29,-0.75,0.45,-0.6999999999999993,4.099999999999994,-9.699999999999989,10.554146104730584,-4.289999999999992,-0.75,0.4499999999999886,4.378253076285098
0,baseline,68,pick,go_top,2,cheese,19.3,154.1,290.3,-149.29,-0.75,0.45,35.0,180.0,280.0,-145.0,0.0,0.0,35.0,180.0,280.0,-145.0,0.0,0.0,31.4,182.8,270.2,-149.45,0.26,0.47,-3.6000000000000014,2.800000000000012,-9.800000000000011,10.80925529349734,-4.449999999999989,0.2599999999999909,0.4699999999999988,4.482298517501918
0,baseline,69,pick,go_down,2,cheese,31.4,182.8,270.2,-149.45,0.26,0.47,35.0,180.0,160.0,-145.0,0.0,0.0,35.0,180.0,160.0,-145.0,0.0,0.0,32.1,179.4,151.1,-149.72,0.15,0.74,-2.8999999999999986,-0.5999999999999943,-8.900000000000006,9.379765455489816,-4.719999999999999,0.1500000000000056,0.7400000000000091,4.780010460239601
0,baseline,70,pick,go_up,2,cheese,32.1,179.4,151.1,-149.72,0.15,0.74,35.0,180.0,280.0,-145.0,0.0,0.0,35.0,180.0,280.0,-145.0,0.0,0.0,30.7,185.8,266.6,-149.98,0.18,0.58,-4.300000000000001,5.800000000000011,-13.399999999999975,15.221366561514754,-4.97999999999999,0.1800000000000068,0.5800000000000125,5.016891467831441
0,baseline,71,base,pick_base,2,cheese,30.7,185.8,266.6,-149.98,0.18,0.58,20.0,150.0,300.0,-145.0,0.0,0.0,20.0,150.0,300.0,-145.0,0.0,0.0,19.0,154.3,290.1,-149.37,-0.78,0.54,-1.0,4.300000000000011,-9.899999999999975,10.839741694339384,-4.3700000000000045,-0.7800000000000011,0.539999999999992,4.471789351031647
0,baseline,72,base,place_base,2,cheese,19.0,154.3,290.1,-149.37,-0.78,0.54,125.0,-20.0,200.0,-145.0,0.0,-90.0,125.0,-20.0,200.0,-145.0,0.0,-90.0,125.3,-16.8,191.5,-149.38,-1.32,-87.88,0.2999999999999971,3.1999999999999997,-8.5,9.087353850269064,-4.379999999999996,-1.3199999999999932,2.1200000000000045,5.041944069503346
0,baseline,73,place,go_top,2,cheese,125.3,-16.8,191.5,-149.38,-1.32,-87.88,181.0,-25.0,180.0,-145.0,0.0,-90.0,181.0,-25.0,180.0,-145.0,0.0,-90.0,179.8,-21.6,167.0,-151.17,-0.65,-88.75,-1.1999999999999886,3.3999999999999986,-13.0,13.49073756323204,-6.169999999999988,-0.6500000000000057,1.25,6.328815054968809
0,baseline,74,place,go_down,2,cheese,179.8,-21.6,167.0,-151.17,-0.65,-88.75,181.0,-25.0,140.0,-145.0,0.0,-90.0,181.0,-25.0,140.0,-145.0,0.0,-90.0,180.3,-21.5,131.8,-149.39,-0.35,-88.46,-0.6999999999999886,3.5,-8.199999999999989,8.943153806124537,-4.389999999999986,-0.3499999999999943,1.5400000000000205,4.665426025562932
0,baseline,75,place,go_up,2,cheese,180.3,-21.5,131.8,-149.39,-0.35,-88.46,181.0,-25.0,180.0,-145.0,0.0,-90.0,181.0,-25.0,180.0,-145.0,0.0,-90.0,180.9,-21.3,168.2,-149.73,-0.44,-88.45,-0.0999999999999943,3.6999999999999993,-11.800000000000011,12.366891282775969,-4.72999999999999,-0.4399999999999977,1.5500000000000114,4.996899038403711
0,baseline,76,base,pick_base,2,cheese,180.9,-21.3,168.2,-149.73,-0.44,-88.45,20.0,150.0,300.0,-145.0,0.0,0.0,20.0,150.0,300.0,-145.0,0.0,0.0,19.2,154.4,289.6,-149.51,-0.92,0.41,-0.8000000000000007,4.400000000000006,-10.399999999999975,11.320777358467906,-4.509999999999991,-0.9199999999999876,0.4099999999999966,4.621103764253719
0,baseline,77,base,pick_base,3,tomato,19.2,154.4,289.6,-149.51,-0.92,0.41,20.0,150.0,300.0,-145.0,0.0,0.0,20.0,150.0,300.0,-145.0,0.0,0.0,19.2,154.4,289.6,-149.51,-0.92,0.41,-0.8000000000000007,4.400000000000006,-10.399999999999975,11.320777358467906,-4.509999999999991,-0.9199999999999876,0.4099999999999966,4.621103764253719
0,baseline,78,pick,go_top,3,tomato,19.2,154.4,289.6,-149.51,-0.92,0.41,0.0,180.0,280.0,-145.0,0.0,0.0,0.0,180.0,280.0,-145.0,0.0,0.0,0.3,182.3,269.9,-149.53,-1.28,0.38,0.3,2.300000000000012,-10.100000000000025,10.36291464791641,-4.530000000000001,-1.2800000000000011,0.3799999999999954,4.722679324281929
0,baseline,79,pick,go_down,3,tomato,0.3,182.3,269.9,-149.53,-1.28,0.38,0.0,180.0,160.0,-145.0,0.0,0.0,0.0,180.0,160.0,-145.0,0.0,0.0,1.8,179.0,151.3,-149.61,-1.32,0.38,1.8,-1.0,-8.699999999999989,8.940357934669047,-4.610000000000014,-1.3199999999999932,0.3799999999999954,4.810291051485358
0,baseline,80,pick,go_up,3,tomato,1.8,179.0,151.3,-149.61,-1.32,0.38,0.0,180.0,280.0,-145.0,0.0,0.0,0.0,180.0,280.0,-145.0,0.0,0.0,-0.8,184.8,267.1,-149.85,-1.42,0.39,-0.8,4.800000000000011,-12.899999999999975,13.78731300870476,-4.849999999999994,-1.4199999999999875,0.3899999999999863,5.068629005954164
0,baseline,81,base,pick_base,3,tomato,-0.8,184.8,267.1,-149.85,-1.42,0.39,20.0,150.0,300.0,-145.0,0.0,0.0,20.0,150.0,300.0,-145.0,0.0,0.0,15.8,154.2,290.9,-148.89,-0.25,0.44,-4.199999999999999,4.199999999999989,-9.100000000000025,10.866922287382032,-3.8899999999999855,-0.25,0.4399999999999977,3.9227796267442674
0,baseline,82,base,place_base,3,tomato,15.8,154.2,290.9,-148.89,-0.25,0.44,125.0,-20.0,200.0,-145.0,0.0,-90.0,125.0,-20.0,200.0,-145.0,0.0,-90.0,125.3,-16.8,191.5,-149.38,-1.32,-87.88,0.2999999999999971,3.1999999999999997,-8.5,9.087353850269064,-4.379999999999996,-1.3199999999999932,2.1200000000000045,5.041944069503346
0,baseline,83,place,go_top,3,tomato,125.3,-16.8,191.5,-149.38,-1.32,-87.88,181.0,25.0,180.0,-145.0,0.0,-90.0,181.0,25.0,180.0,-145.0,0.0,-90.0,179.5,22.6,168.2,-150.22,-2.12,-89.34,-1.5,-2.3999999999999986,-11.800000000000011,12.134661099511607,-5.219999999999999,-2.1200000000000045,0.6599999999999966,5.672600814441291
0,baseline,84,place,go_down,3,tomato,179.5,22.6,168.2,-150.22,-2.12,-89.34,181.0,25.0,140.0,-145.0,0.0,-90.0,181.0,25.0,140.0,-145.0,0.0,-90.0,179.8,22.3,131.8,-149.33,-1.56,-89.54,-1.1999999999999886,-2.6999999999999997,-8.199999999999989,8.716077099245954,-4.3300000000000125,-1.5600000000000025,0.4599999999999795,4.625375660419389
0,baseline,85,place,go_up,3,tomato,179.8,22.3,131.8,-149.33,-1.56,-89.54,181.0,25.0,180.0,-145.0,0.0,-90.0,181.0,25.0,180.0,-145.0,0.0,-90.0,180.3,23.2,168.2,-149.62,-1.74,-89.36,-0.6999999999999886,-1.8000000000000007,-11.800000000000011,11.957006314291226,-4.6200000000000045,-1.740000000000009,0.6399999999999864,4.978112091948117
0,baseline,86,base,pick_base,3,tomato,180.3,23.2,168.2,-149.62,-1.74,-89.36,20.0,150.0,300.0,-145.0,0.0,0.0,20.0,150.0,300.0,-145.0,0.0,0.0,19.3,154.6,289.6,-149.38,-0.45,-0.95,-0.6999999999999993,4.599999999999994,-10.399999999999975,11.393419153177833,-4.379999999999996,-0.4499999999999886,-0.9499999999999886,4.504375650409269
0,baseline,87,base,pick_base,4,bread_w,19.3,154.6,289.6,-149.38,-0.45,-0.95,20.0,150.0,300.0,-145.0,0.0,0.0,20.0,150.0,300.0,-145.0,0.0,0.0,19.3,154.6,289.6,-149.38,-0.45,-0.95,-0.6999999999999993,4.599999999999994,-10.399999999999975,11.393419153177833,-4.379999999999996,-0.4499999999999886,-0.9499999999999886,4.504375650409269
0,baseline,88,pick,go_top,4,bread_w,19.3,154.6,289.6,-149.38,-0.45,-0.95,-35.0,180.0,280.0,-145.0,0.0,0.0,-35.0,180.0,280.0,-145.0,0.0,0.0,-34.6,182.1,269.7,-149.67,-1.93,0.5,0.3999999999999986,2.0999999999999943,-10.300000000000011,10.519505691808918,-4.669999999999988,-1.9300000000000068,0.5,5.077775103330189
0,baseline,89,pick,go_down,4,bread_w,-34.6,182.1,269.7,-149.67,-1.93,0.5,-35.0,180.0,160.0,-145.0,0.0,0.0,-35.0,180.0,160.0,-145.0,0.0,0.0,-32.3,179.1,151.9,-149.13,-1.63,0.45,2.700000000000003,-0.9000000000000057,-8.099999999999994,8.585452812752507,-4.129999999999996,-1.6299999999999957,0.4499999999999886,4.46276819922343
0,baseline,90,pick,go_up,4,bread_w,-32.3,179.1,151.9,-149.13,-1.63,0.45,-35.0,180.0,280.0,-145.0,0.0,0.0,-35.0,180.0,280.0,-145.0,0.0,0.0,-36.3,184.5,266.6,-149.91,-2.2,0.47,-1.2999999999999972,4.5,-13.399999999999975,14.195069566578368,-4.909999999999997,-2.1999999999999886,0.4699999999999988,5.400833269042835
0,baseline,91,base,pick_base,4,bread_w,-36.3,184.5,266.6,-149.91,-2.2,0.47,20.0,150.0,300.0,-145.0,0.0,0.0,20.0,150.0,300.0,-145.0,0.0,0.0,14.7,154.8,290.2,-149.14,-0.3,0.72,-5.300000000000001,4.800000000000011,-9.800000000000011,12.131364309095671,-4.139999999999986,-0.3000000000000113,0.7199999999999989,4.212837523570057
0,baseline,92,base,place_base,4,bread_w,14.7,154.8,290.2,-149.14,-0.3,0.72,125.0,-20.0,200.0,-145.0,0.0,-90.0,125.0,-20.0,200.0,-145.0,0.0,-90.0,125.3,-16.8,191.5,-149.38,-1.32,-87.88,0.2999999999999971,3.1999999999999997,-8.5,9.087353850269064,-4.379999999999996,-1.3199999999999932,2.1200000000000045,5.041944069503346
0,baseline,93,place,go_top,4,bread_w,125.3,-16.8,191.5,-149.38,-1.32,-87.88,181.0,75.0,180.0,-145.0,0.0,-90.0,181.0,75.0,180.0,-145.0,0.0,-90.0,180.2,71.5,167.6,-150.0,-3.06,-89.37,-0.8000000000000114,-3.5,-12.400000000000006,12.909298973995456,-5.0,-3.0600000000000023,0.6299999999999955,5.895803592386708
0,baseline,94,place,go_down,4,bread_w,180.2,71.5,167.6,-150.0,-3.06,-89.37,181.0,75.0,140.0,-145.0,0.0,-90.0,181.0,75.0,140.0,-145.0,0.0,-90.0,180.4,71.8,131.1,-149.33,-2.35,-89.41,-0.5999999999999943,-3.200000000000003,-8.900000000000006,9.47681381055891,-4.3300000000000125,-2.3499999999999943,0.5900000000000034,4.961804107378694
0,baseline,95,place,go_up,4,bread_w,180.4,71.8,131.1,-149.33,-2.35,-89.41,181.0,75.0,180.0,-145.0,0.0,-90.0,181.0,75.0,180.0,-145.0,0.0,-90.0,180.7,72.2,166.2,-149.88,-2.93,-89.38,-0.3000000000000113,-2.799999999999997,-13.800000000000011,14.084388520628089,-4.879999999999996,-2.930000000000007,0.6200000000000045,5.725705196742145
0,baseline,96,base,pick_base,4,bread_w,180.7,72.2,166.2,-149.88,-2.93,-89.38,20.0,150.0,300.0,-145.0,0.0,0.0,20.0,150.0,300.0,-145.0,0.0,0.0,19.4,154.3,289.8,-149.3,-0.41,-0.95,-0.6000000000000014,4.300000000000011,-10.199999999999989,11.085576214162252,-4.300000000000011,-0.4099999999999966,-0.9499999999999886,4.422736709323773
0,baseline,97,base,pick_base,5,bread_o,19.4,154.3,289.8,-149.3,-0.41,-0.95,20.0,150.0,300.0,-145.0,0.0,0.0,20.0,150.0,300.0,-145.0,0.0,0.0,19.4,154.3,289.7,-149.38,-0.45,-0.95,-0.6000000000000014,4.300000000000011,-10.300000000000011,11.177656283854873,-4.379999999999996,-0.4499999999999886,-0.9499999999999886,4.504375650409269
0,baseline,98,pick,go_top,5,bread_o,19.4,154.3,289.7,-149.38,-0.45,-0.95,-70.0,180.0,280.0,-145.0,0.0,0.0,-70.0,180.0,280.0,-145.0,0.0,0.0,-70.5,182.2,267.5,-149.91,-3.01,0.67,-0.5,2.1999999999999886,-12.5,12.701968351401288,-4.909999999999997,-3.009999999999991,0.6699999999999875,5.798025525987264
0,baseline,99,pick,go_down,5,bread_o,-70.5,182.2,267.5,-149.91,-3.01,0.67,-70.0,180.0,160.0,-145.0,0.0,0.0,-70.0,180.0,160.0,-145.0,0.0,0.0,-67.2,179.2,150.8,-149.3,-2.5,0.61,2.799999999999997,-0.8000000000000114,-9.199999999999989,9.649870465451844,-4.300000000000011,-2.5,0.6100000000000136,5.011197461685192
0,baseline,100,pick,go_up,5,bread_o,-67.2,179.2,150.8,-149.3,-2.5,0.61,-70.0,180.0,280.0,-145.0,0.0,0.0,-70.0,180.0,280.0,-145.0,0.0,0.0,-72.1,184.0,266.7,-149.49,-2.81,0.59,-2.0999999999999943,4.0,-13.300000000000011,14.046351839534717,-4.490000000000009,-2.8100000000000023,0.5900000000000034,5.329568462830748
0,baseline,101,base,pick_base,5,bread_o,-72.1,184.0,266.7,-149.49,-2.81,0.59,20.0,150.0,300.0,-145.0,0.0,0.0,20.0,150.0,300.0,-145.0,0.0,0.0,15.5,153.9,293.1,-148.16,0.09,0.54,-4.5,3.9000000000000057,-6.899999999999977,9.114274518577972,-3.1599999999999966,0.0900000000000034,0.539999999999992,3.207070314165246
0,baseline,102,base,place_base,5,bread_o,15.5,153.9,293.1,-148.16,0.09,0.54,125.0,-20.0,200.0,-145.0,0.0,-90.0,125.0,-20.0,200.0,-145.0,0.0,-90.0,125.3,-16.8,191.5,-149.38,-1.32,-87.88,0.2999999999999971,3.1999999999999997,-8.5,9.087353850269064,-4.379999999999996,-1.3199999999999932,2.1200000000000045,5.041944069503346
0,baseline,103,place,go_top,5,bread_o,125.3,-16.8,191.5,-149.38,-1.32,-87.88,181.0,125.0,180.0,-145.0,0.0,-90.0,181.0,125.0,180.0,-145.0,0.0,-90.0,180.5,121.7,166.6,-149.87,-3.84,-88.88,-0.5,-3.299999999999997,-13.400000000000006,13.809417076763236,-4.8700000000000045,-3.8400000000000034,1.1200000000000043,6.302134559020466
0,baseline,104,place,go_down,5,bread_o,180.5,121.7,166.6,-149.87,-3.84,-88.88,181.0,125.0,140.0,-145.0,0.0,-90.0,181.0,125.0,140.0,-145.0,0.0,-90.0,180.6,121.7,130.2,-149.26,-3.04,-89.02,-0.4000000000000057,-3.299999999999997,-9.800000000000011,10.34842983258814,-4.259999999999991,-3.039999999999992,0.9800000000000182,5.324434242245829
0,baseline,105,place,go_up,5,bread_o,180.6,121.7,130.2,-149.26,-3.04,-89.02,181.0,125.0,180.0,-145.0,0.0,-90.0,181.0,125.0,180.0,-145.0,0.0,-90.0,181.2,122.6,165.1,-149.65,-3.62,-89.0,0.1999999999999886,-2.4000000000000057,-14.900000000000006,15.093376030563878,-4.650000000000006,-3.620000000000005,1.0,5.977198340359812
0,baseline,106,base,pick_base,5,bread_o,181.2,122.6,165.1,-149.65,-3.62,-89.0,20.0,150.0,300.0,-145.0,0.0,0.0,20.0,150.0,300.0,-145.0,0.0,0.0,19.6,154.1,290.3,-149.17,-0.23,-1.07,-0.3999999999999986,4.099999999999994,-9.699999999999989,10.538500842150166,-4.169999999999988,-0.2299999999999897,-1.0699999999999932,4.311229523001516
